{
  "Grant" : {
    "transaction" : "Grant",
    "sampleCount" : 20,
    "errorCount" : 0,
    "errorPct" : 0.0,
    "meanResTime" : 149.19999999999996,
    "medianResTime" : 78.0,
    "minResTime" : 59.0,
    "maxResTime" : 1233.0,
    "pct1ResTime" : 147.60000000000002,
    "pct2ResTime" : 1178.7999999999993,
    "pct3ResTime" : 1233.0,
    "throughput" : 2.704530087897228,
    "receivedKBytesPerSec" : 0.8048882268424612,
    "sentKBytesPerSec" : 1.4235758958755917
  },
  "Deregistration" : {
    "transaction" : "Deregistration",
    "sampleCount" : 20,
    "errorCount" : 0,
    "errorPct" : 0.0,
    "meanResTime" : 100.14999999999999,
    "medianResTime" : 110.5,
    "minResTime" : 60.0,
    "maxResTime" : 185.0,
    "pct1ResTime" : 147.5,
    "pct2ResTime" : 183.14999999999998,
    "pct3ResTime" : 185.0,
    "throughput" : 2.722940776038121,
    "receivedKBytesPerSec" : 0.8342994809394146,
    "sentKBytesPerSec" : 0.9041014295439075
  },
  "Revoke" : {
    "transaction" : "Revoke",
    "sampleCount" : 20,
    "errorCount" : 0,
    "errorPct" : 0.0,
    "meanResTime" : 97.75000000000001,
    "medianResTime" : 89.0,
    "minResTime" : 56.0,
    "maxResTime" : 179.0,
    "pct1ResTime" : 161.40000000000003,
    "pct2ResTime" : 178.2,
    "pct3ResTime" : 179.0,
    "throughput" : 2.6874496103198067,
    "receivedKBytesPerSec" : 0.9389014629803816,
    "sentKBytesPerSec" : 0.8765704783660306
  },
  "Registration" : {
    "transaction" : "Registration",
    "sampleCount" : 20,
    "errorCount" : 0,
    "errorPct" : 0.0,
    "meanResTime" : 93.9,
    "medianResTime" : 78.5,
    "minResTime" : 62.0,
    "maxResTime" : 139.0,
    "pct1ResTime" : 138.5,
    "pct2ResTime" : 139.0,
    "pct3ResTime" : 139.0,
    "throughput" : 2.6824034334763946,
    "receivedKBytesPerSec" : 0.816639912486588,
    "sentKBytesPerSec" : 1.8913039833690986
  },
  "Total" : {
    "transaction" : "Total",
    "sampleCount" : 120,
    "errorCount" : 0,
    "errorPct" : 0.0,
    "meanResTime" : 133.90833333333327,
    "medianResTime" : 81.5,
    "minResTime" : 56.0,
    "maxResTime" : 1255.0,
    "pct1ResTime" : 148.9,
    "pct2ResTime" : 187.0,
    "pct3ResTime" : 1250.3799999999999,
    "throughput" : 14.677103718199607,
    "receivedKBytesPerSec" : 4.685732249877691,
    "sentKBytesPerSec" : 6.29223489481409
  },
  "Relinquishment" : {
    "transaction" : "Relinquishment",
    "sampleCount" : 20,
    "errorCount" : 0,
    "errorPct" : 0.0,
    "meanResTime" : 266.75000000000006,
    "medianResTime" : 103.5,
    "minResTime" : 61.0,
    "maxResTime" : 1255.0,
    "pct1ResTime" : 1218.0,
    "pct2ResTime" : 1253.2,
    "pct3ResTime" : 1255.0,
    "throughput" : 2.7148092846477536,
    "receivedKBytesPerSec" : 0.8318080205646803,
    "sentKBytesPerSec" : 0.9597275010180535
  },
  "Authorize" : {
    "transaction" : "Authorize",
    "sampleCount" : 20,
    "errorCount" : 0,
    "errorPct" : 0.0,
    "meanResTime" : 95.70000000000002,
    "medianResTime" : 67.5,
    "minResTime" : 57.0,
    "maxResTime" : 187.0,
    "pct1ResTime" : 183.80000000000007,
    "pct2ResTime" : 187.0,
    "pct3ResTime" : 187.0,
    "throughput" : 2.637478570486615,
    "receivedKBytesPerSec" : 0.9265946442700778,
    "sentKBytesPerSec" : 0.8679983186074113
  }
}