{
  "Grant" : {
    "transaction" : "Grant",
    "sampleCount" : 100,
    "errorCount" : 0,
    "errorPct" : 0.0,
    "meanResTime" : 718.69,
    "medianResTime" : 673.0,
    "minResTime" : 62.0,
    "maxResTime" : 1804.0,
    "pct1ResTime" : 919.3000000000001,
    "pct2ResTime" : 952.8999999999997,
    "pct3ResTime" : 1803.78,
    "throughput" : 2.3793095243760263,
    "receivedKBytesPerSec" : 0.7067989884960384,
    "sentKBytesPerSec" : 1.252855171429251
  },
  "Deregistration" : {
    "transaction" : "Deregistration",
    "sampleCount" : 100,
    "errorCount" : 0,
    "errorPct" : 0.0,
    "meanResTime" : 701.37,
    "medianResTime" : 626.0,
    "minResTime" : 61.0,
    "maxResTime" : 2254.0,
    "pct1ResTime" : 930.9000000000001,
    "pct2ResTime" : 1656.0999999999926,
    "pct3ResTime" : 2252.9499999999994,
    "throughput" : 2.456942089874942,
    "receivedKBytesPerSec" : 0.7514787720203435,
    "sentKBytesPerSec" : 0.816261424780718
  },
  "Revoke" : {
    "transaction" : "Revoke",
    "sampleCount" : 100,
    "errorCount" : 0,
    "errorPct" : 0.0,
    "meanResTime" : 705.5899999999999,
    "medianResTime" : 662.5,
    "minResTime" : 65.0,
    "maxResTime" : 2111.0,
    "pct1ResTime" : 934.0,
    "pct2ResTime" : 1342.3999999999953,
    "pct3ResTime" : 2108.8599999999988,
    "throughput" : 2.4913425845187973,
    "receivedKBytesPerSec" : 0.869050362490346,
    "sentKBytesPerSec" : 0.812605882059842
  },
  "Registration" : {
    "transaction" : "Registration",
    "sampleCount" : 100,
    "errorCount" : 0,
    "errorPct" : 0.0,
    "meanResTime" : 713.1899999999997,
    "medianResTime" : 636.0,
    "minResTime" : 71.0,
    "maxResTime" : 1868.0,
    "pct1ResTime" : 944.9,
    "pct2ResTime" : 966.8499999999997,
    "pct3ResTime" : 1867.78,
    "throughput" : 2.349679268779812,
    "receivedKBytesPerSec" : 0.7140363231043962,
    "sentKBytesPerSec" : 1.657395835780916
  },
  "Total" : {
    "transaction" : "Total",
    "sampleCount" : 600,
    "errorCount" : 0,
    "errorPct" : 0.0,
    "meanResTime" : 695.3383333333334,
    "medianResTime" : 645.0,
    "minResTime" : 61.0,
    "maxResTime" : 2266.0,
    "pct1ResTime" : 930.8999999999997,
    "pct2ResTime" : 967.299999999999,
    "pct3ResTime" : 1896.7100000000003,
    "throughput" : 13.966480446927374,
    "receivedKBytesPerSec" : 4.451224613012104,
    "sentKBytesPerSec" : 5.989628797136872
  },
  "Relinquishment" : {
    "transaction" : "Relinquishment",
    "sampleCount" : 100,
    "errorCount" : 0,
    "errorPct" : 0.0,
    "meanResTime" : 654.4299999999996,
    "medianResTime" : 622.0,
    "minResTime" : 61.0,
    "maxResTime" : 2266.0,
    "pct1ResTime" : 902.7,
    "pct2ResTime" : 949.2999999999998,
    "pct3ResTime" : 2253.639999999994,
    "throughput" : 2.4166847918026053,
    "receivedKBytesPerSec" : 0.7391420995553301,
    "sentKBytesPerSec" : 0.8548078433504919
  },
  "Authorize" : {
    "transaction" : "Authorize",
    "sampleCount" : 100,
    "errorCount" : 0,
    "errorPct" : 0.0,
    "meanResTime" : 678.76,
    "medianResTime" : 650.5,
    "minResTime" : 61.0,
    "maxResTime" : 1050.0,
    "pct1ResTime" : 930.9000000000001,
    "pct2ResTime" : 1026.1999999999991,
    "pct3ResTime" : 1050.0,
    "throughput" : 2.34543578196829,
    "receivedKBytesPerSec" : 0.8226890861009475,
    "sentKBytesPerSec" : 0.7718865805891734
  }
}