{
  "Grant" : {
    "transaction" : "Grant",
    "sampleCount" : 100,
    "errorCount" : 0,
    "errorPct" : 0.0,
    "meanResTime" : 1707.6600000000003,
    "medianResTime" : 1353.0,
    "minResTime" : 562.0,
    "maxResTime" : 4647.0,
    "pct1ResTime" : 3246.9,
    "pct2ResTime" : 3249.9,
    "pct3ResTime" : 4638.429999999996,
    "throughput" : 2.716431695325021,
    "receivedKBytesPerSec" : 0.8064671872028902,
    "sentKBytesPerSec" : 1.4347215997066254
  },
  "Deregistration" : {
    "transaction" : "Deregistration",
    "sampleCount" : 100,
    "errorCount" : 0,
    "errorPct" : 0.0,
    "meanResTime" : 1806.2699999999995,
    "medianResTime" : 869.0,
    "minResTime" : 246.0,
    "maxResTime" : 3790.0,
    "pct1ResTime" : 3146.8,
    "pct2ResTime" : 3156.9,
    "pct3ResTime" : 3783.6799999999967,
    "throughput" : 3.391900142459806,
    "receivedKBytesPerSec" : 1.0369144732379079,
    "sentKBytesPerSec" : 1.1323116647445899
  },
  "Revoke" : {
    "transaction" : "Revoke",
    "sampleCount" : 100,
    "errorCount" : 0,
    "errorPct" : 0.0,
    "meanResTime" : 1770.4599999999998,
    "medianResTime" : 869.0,
    "minResTime" : 112.0,
    "maxResTime" : 3791.0,
    "pct1ResTime" : 3787.0,
    "pct2ResTime" : 3789.0,
    "pct3ResTime" : 3790.99,
    "throughput" : 3.7690336197798886,
    "receivedKBytesPerSec" : 1.3141560191466908,
    "sentKBytesPerSec" : 1.2293527627016434
  },
  "Registration" : {
    "transaction" : "Registration",
    "sampleCount" : 100,
    "errorCount" : 0,
    "errorPct" : 0.0,
    "meanResTime" : 2122.1700000000005,
    "medianResTime" : 1769.5,
    "minResTime" : 656.0,
    "maxResTime" : 4647.0,
    "pct1ResTime" : 3480.9,
    "pct2ResTime" : 3484.0,
    "pct3ResTime" : 4638.409999999995,
    "throughput" : 2.5372339075939414,
    "receivedKBytesPerSec" : 0.7706104664070231,
    "sentKBytesPerSec" : 1.7957867645193213
  },
  "Total" : {
    "transaction" : "Total",
    "sampleCount" : 600,
    "errorCount" : 0,
    "errorPct" : 0.0,
    "meanResTime" : 4348.50166666667,
    "medianResTime" : 2350.5,
    "minResTime" : 112.0,
    "maxResTime" : 38930.0,
    "pct1ResTime" : 4561.3999999999805,
    "pct2ResTime" : 27099.14999999997,
    "pct3ResTime" : 36903.780000000006,
    "throughput" : 14.643075045759609,
    "receivedKBytesPerSec" : 4.664453363331299,
    "sentKBytesPerSec" : 6.2973802623550945
  },
  "Relinquishment" : {
    "transaction" : "Relinquishment",
    "sampleCount" : 100,
    "errorCount" : 0,
    "errorPct" : 0.0,
    "meanResTime" : 1866.0600000000004,
    "medianResTime" : 898.5,
    "minResTime" : 371.0,
    "maxResTime" : 3788.0,
    "pct1ResTime" : 3215.0,
    "pct2ResTime" : 3217.0,
    "pct3ResTime" : 3782.339999999997,
    "throughput" : 3.081284279287607,
    "receivedKBytesPerSec" : 0.9418980518580145,
    "sentKBytesPerSec" : 1.0948188204843778
  },
  "Authorize" : {
    "transaction" : "Authorize",
    "sampleCount" : 100,
    "errorCount" : 0,
    "errorPct" : 0.0,
    "meanResTime" : 16818.39,
    "medianResTime" : 18777.5,
    "minResTime" : 177.0,
    "maxResTime" : 38930.0,
    "pct1ResTime" : 35159.9,
    "pct2ResTime" : 37323.149999999994,
    "pct3ResTime" : 38926.25,
    "throughput" : 2.5667351129363447,
    "receivedKBytesPerSec" : 0.8998863016555442,
    "sentKBytesPerSec" : 0.8447165361909651
  }
}