{
  "Grant" : {
    "transaction" : "Grant",
    "sampleCount" : 100,
    "errorCount" : 0,
    "errorPct" : 0.0,
    "meanResTime" : 1860.7399999999993,
    "medianResTime" : 2042.5,
    "minResTime" : 415.0,
    "maxResTime" : 2305.0,
    "pct1ResTime" : 2128.9,
    "pct2ResTime" : 2159.8,
    "pct3ResTime" : 2304.98,
    "throughput" : 2.7129679869777537,
    "receivedKBytesPerSec" : 0.805518346446012,
    "sentKBytesPerSec" : 1.431726465002713
  },
  "Deregistration" : {
    "transaction" : "Deregistration",
    "sampleCount" : 100,
    "errorCount" : 0,
    "errorPct" : 0.0,
    "meanResTime" : 1814.87,
    "medianResTime" : 1915.0,
    "minResTime" : 193.0,
    "maxResTime" : 2302.0,
    "pct1ResTime" : 2221.9,
    "pct2ResTime" : 2224.0,
    "pct3ResTime" : 2301.2499999999995,
    "throughput" : 2.997062878379188,
    "receivedKBytesPerSec" : 0.9163870968950428,
    "sentKBytesPerSec" : 0.999216080740874
  },
  "Revoke" : {
    "transaction" : "Revoke",
    "sampleCount" : 100,
    "errorCount" : 0,
    "errorPct" : 0.0,
    "meanResTime" : 1757.3999999999992,
    "medianResTime" : 1910.5,
    "minResTime" : 66.0,
    "maxResTime" : 2684.0,
    "pct1ResTime" : 2157.0,
    "pct2ResTime" : 2303.0,
    "pct3ResTime" : 2681.6299999999987,
    "throughput" : 3.1125498007968124,
    "receivedKBytesPerSec" : 1.085532139022037,
    "sentKBytesPerSec" : 1.0152262045567728
  },
  "Registration" : {
    "transaction" : "Registration",
    "sampleCount" : 100,
    "errorCount" : 0,
    "errorPct" : 0.0,
    "meanResTime" : 1875.36,
    "medianResTime" : 1959.5,
    "minResTime" : 986.0,
    "maxResTime" : 2224.0,
    "pct1ResTime" : 2052.1,
    "pct2ResTime" : 2124.0499999999997,
    "pct3ResTime" : 2223.58,
    "throughput" : 2.6367136001687497,
    "receivedKBytesPerSec" : 0.8009017560512577,
    "sentKBytesPerSec" : 1.8644964041818277
  },
  "Total" : {
    "transaction" : "Total",
    "sampleCount" : 600,
    "errorCount" : 0,
    "errorPct" : 0.0,
    "meanResTime" : 1841.6733333333327,
    "medianResTime" : 1913.0,
    "minResTime" : 66.0,
    "maxResTime" : 6223.0,
    "pct1ResTime" : 2155.0,
    "pct2ResTime" : 2223.0,
    "pct3ResTime" : 2445.6100000000015,
    "throughput" : 14.784879996057366,
    "receivedKBytesPerSec" : 4.710298169447046,
    "sentKBytesPerSec" : 6.353600041274457
  },
  "Relinquishment" : {
    "transaction" : "Relinquishment",
    "sampleCount" : 100,
    "errorCount" : 0,
    "errorPct" : 0.0,
    "meanResTime" : 1864.4999999999998,
    "medianResTime" : 1965.5,
    "minResTime" : 619.0,
    "maxResTime" : 2306.0,
    "pct1ResTime" : 2222.0,
    "pct2ResTime" : 2223.0,
    "pct3ResTime" : 2305.97,
    "throughput" : 2.835270768358378,
    "receivedKBytesPerSec" : 0.8668065104905017,
    "sentKBytesPerSec" : 1.006188864474057
  },
  "Authorize" : {
    "transaction" : "Authorize",
    "sampleCount" : 100,
    "errorCount" : 0,
    "errorPct" : 0.0,
    "meanResTime" : 1877.170000000001,
    "medianResTime" : 1818.5,
    "minResTime" : 153.0,
    "maxResTime" : 6223.0,
    "pct1ResTime" : 1966.7,
    "pct2ResTime" : 2106.95,
    "pct3ResTime" : 6218.459999999997,
    "throughput" : 2.785204991087344,
    "receivedKBytesPerSec" : 0.9765624999999999,
    "sentKBytesPerSec" : 0.9166153144496434
  }
}