{
  "Grant" : {
    "transaction" : "Grant",
    "sampleCount" : 100,
    "errorCount" : 0,
    "errorPct" : 0.0,
    "meanResTime" : 2195.0599999999995,
    "medianResTime" : 2411.5,
    "minResTime" : 467.0,
    "maxResTime" : 3042.0,
    "pct1ResTime" : 2799.0,
    "pct2ResTime" : 3022.899999999998,
    "pct3ResTime" : 3042.0,
    "throughput" : 2.5780504782283638,
    "receivedKBytesPerSec" : 0.7659377900306787,
    "sentKBytesPerSec" : 1.3611804409755341
  },
  "Deregistration" : {
    "transaction" : "Deregistration",
    "sampleCount" : 100,
    "errorCount" : 0,
    "errorPct" : 0.0,
    "meanResTime" : 2084.3200000000006,
    "medianResTime" : 2309.0,
    "minResTime" : 240.0,
    "maxResTime" : 3786.0,
    "pct1ResTime" : 2747.6,
    "pct2ResTime" : 2852.9,
    "pct3ResTime" : 3778.479999999996,
    "throughput" : 2.7035795393100464,
    "receivedKBytesPerSec" : 0.8269943545879744,
    "sentKBytesPerSec" : 0.9020556498053423
  },
  "Revoke" : {
    "transaction" : "Revoke",
    "sampleCount" : 100,
    "errorCount" : 0,
    "errorPct" : 0.0,
    "meanResTime" : 2104.260000000001,
    "medianResTime" : 2312.0,
    "minResTime" : 57.0,
    "maxResTime" : 3785.0,
    "pct1ResTime" : 2798.9,
    "pct2ResTime" : 3783.95,
    "pct3ResTime" : 3785.0,
    "throughput" : 2.8420394475075312,
    "receivedKBytesPerSec" : 0.9915220631074859,
    "sentKBytesPerSec" : 0.9269933354174956
  },
  "Registration" : {
    "transaction" : "Registration",
    "sampleCount" : 100,
    "errorCount" : 0,
    "errorPct" : 0.0,
    "meanResTime" : 2251.5,
    "medianResTime" : 2411.5,
    "minResTime" : 1014.0,
    "maxResTime" : 3784.0,
    "pct1ResTime" : 2795.9,
    "pct2ResTime" : 3037.0,
    "pct3ResTime" : 3783.97,
    "throughput" : 2.4978144123891592,
    "receivedKBytesPerSec" : 0.759174589421756,
    "sentKBytesPerSec" : 1.7672280894842014
  },
  "Total" : {
    "transaction" : "Total",
    "sampleCount" : 600,
    "errorCount" : 0,
    "errorPct" : 0.0,
    "meanResTime" : 3106.9183333333335,
    "medianResTime" : 2411.0,
    "minResTime" : 57.0,
    "maxResTime" : 39266.0,
    "pct1ResTime" : 2853.0,
    "pct2ResTime" : 3785.95,
    "pct3ResTime" : 33138.530000000006,
    "throughput" : 14.189093316937047,
    "receivedKBytesPerSec" : 4.522773494773684,
    "sentKBytesPerSec" : 6.100270886049756
  },
  "Relinquishment" : {
    "transaction" : "Relinquishment",
    "sampleCount" : 100,
    "errorCount" : 0,
    "errorPct" : 0.0,
    "meanResTime" : 2170.5300000000007,
    "medianResTime" : 2314.5,
    "minResTime" : 318.0,
    "maxResTime" : 3783.0,
    "pct1ResTime" : 2728.000000000001,
    "pct2ResTime" : 2849.85,
    "pct3ResTime" : 3775.509999999996,
    "throughput" : 2.6703695791497544,
    "receivedKBytesPerSec" : 0.816835803981521,
    "sentKBytesPerSec" : 0.9483462901890621
  },
  "Authorize" : {
    "transaction" : "Authorize",
    "sampleCount" : 100,
    "errorCount" : 0,
    "errorPct" : 0.0,
    "meanResTime" : 7835.84,
    "medianResTime" : 2539.0,
    "minResTime" : 250.0,
    "maxResTime" : 39266.0,
    "pct1ResTime" : 27575.300000000003,
    "pct2ResTime" : 34579.69999999998,
    "pct3ResTime" : 39254.74999999999,
    "throughput" : 2.546019298826285,
    "receivedKBytesPerSec" : 0.8931704225755531,
    "sentKBytesPerSec" : 0.8378989293988848
  }
}